RH (%),radial deformation,radial deformation uncertainty,axial deformation,axial deformation uncertainty
0,1,0,1,0
10,1.019,0.003,1.0044,0.0002
40,1.042,0.008,1.0112,0.0003
60,1.058,0.007,1.0136,0.0006
90,1.107,0.002,1.0155,0.0005
95,1.1375,0.0095,1.01655,0.00005